电动汽车,车型
电动车辆,车型
燃油汽车,车型
新能源汽车,车型
纯电动轿车,车型
汽车制造商,企业
氢燃料电池汽车,车型
发动机,技术
催化转化器,技术
燃料电池,技术
高能电池,技术
镍氢电池,技术
汽车行驶,环节
燃料电池汽车,车型
锂离子动力电池,技术
散热器,技术
天然气汽车,车型
可燃混合气,技术
汽车工业,环节
国产化率,目标
风力汽车,车型
汽车制造厂商,企业
环保型汽车,车型
最大行程,技术
战略规划,目标
氢能,技术
项目管理,技术
上汽集团,企业
燃料电池车,车型
混合动力轿车,车型
城市公交客车,车型
混合动力车,车型
汽车文化,环节
城市客车,车型
汽车燃油经济性,目标
混合动力,技术
前轮驱动,技术
奇瑞汽车,企业
哈飞汽车,企业
圣达菲,企业
中华轿车,企业
经销商,消费者
长安福特,企业
福特福克斯,企业
北京吉普,企业
移动解决方案,技术
液化石油气汽车,车型
醇类汽车,车型
二甲醚汽车,车型
气动汽车,车型
燃油发动机,技术
概念车,车型
驱动电机,技术
燃料电池发动机,技术
示范运行,环节
燃料电池城市客车,车型
动力蓄电池,技术
东风电动车辆股份有限公司,企业
电动汽车技术,技术
奇瑞汽车公司,企业
燃料电池动力系统,技术
汽车公司,企业
乘用车,车型
压缩天然气发动机,技术
液化石油气发动机,技术
NOx,技术
电动货车,车型
氢氧化镍,技术
锂离子电池,技术
代用燃料汽车,车型
电池系统,技术
光伏屋顶,技术
整车开发,技术
光伏产业,环节
铅酸电池,技术
二甲醚燃料,技术
太阳能,技术
聚光太阳能电池,技术
新能源和可再生能源,技术
水电解制氢装置,技术
电源系统,技术
动力技术,技术
汽车动力系统,技术
汽车能源,技术
氢燃料电池,技术
汽车保有量,目标
纯电动车,车型
动力电池,技术
汽车节油,技术
研发应用,环节
上海汽车工业,环节
新能源汽车技术,技术
代用燃料,技术
石油消费总量,目标
同济大学,科研院所
加氢站,环节
燃油消耗,目标
汽油机车,车型
柴油车,车型
市场动向,工具
福特汽车公司,企业
生产准入,工具
《新能源汽车生产准入管理规则》,工具
管理规则,工具
中国汽车产业,环节
新能源汽车产业,环节
尾气排放税,工具
比亚迪,企业
米其林集团,企业
可持续移动性,目标
替代能源,技术
汽车企业,企业
五洲龙,企业
新能源车,车型
国家发改委,政府
机动车号牌,工具
电液制动系统,技术
恒流源,技术
PID 闭环控制,技术
纯电动汽车,车型
准入管理,工具
准入条件,工具
二甲醚,技术
产业化,环节
混合动力大客车,车型
动力系统,技术
新篇章,目标
燃气汽车,车型
考核要求,工具
售后服务网络,环节
发展期产品,环节
生产一致性,目标
准入门槛,工具
纯电动,车型
混合动力城市客车,车型
战略联盟,目标
战略导向,目标
燃料电池技术,技术
电动车,车型
比亚迪汽车,企业
汽车制造企业,企业
汽车自主品牌,环节
战略发展方向,目标
清洁型,目标
电池堆,技术
冷却系统,技术
AMESim,技术
替代燃料汽车,车型
汽油车,车型
燃油效率,目标
第二代生物燃料,技术
上海汽车集团,企业
汽车厂商,企业
燃料乙醇,技术
可再生能源消费量,环节
玉米加工,技术
燃料电池轿车,车型
科技部,政府
中国汽车工业,环节
汽车业,环节
PID闭环控制,工具
生命周期分析,工具
能源效率,目标
电机系统,技术
变速器,技术
汽油机汽车,车型
续驶里程,目标
上海车展,工具
长安汽车,企业
小排量车,企业
微型车,企业
小排量汽车,企业
汽车产品,环节
锂离子蓄电池,技术
插电式混合动力车,企业
卫星群,工具
风帆股份,企业
中外合资企业,企业
大学生环境教育,工具
北美市场,工具
燃油税,工具
碰撞实验,工具
零部件,技术
油老虎,车型
整车厂,企业
污染物排放限值,目标
汽车零部件再制造试点管理办法,工具
示范运营,工具
上海国际车展,工具
石油储备法,工具
油电混合动力,车型
重大专项,工具
帕萨特,企业
氢动力,技术
电动机,技术
汽车出口,工具
本田汽车,企业
雪铁龙,企业
韩泰轮胎,企业
商用车市场,环节
上海世博局,工具
小企业金融,工具
混合动力客车,车型
氢燃料,技术
纯电动客车,车型
新能源客车,车型
发改委,政府
中化集团,企业
中国石油,企业
可行性分析,工具
车用乙醇,技术
示范工程,工具
社会可持续发展,目标
中国汽车工业协会,学协会
汽车强国,目标
中国汽车工程学会,学协会
企业技术改造,工具
情景分析,工具
产业分析,工具
比亚迪股份,企业
混合动力公交车,车型
准入资格,工具
消费者,消费者
混合动力城市公交车,车型
最大爬坡度,目标
加速时间,目标
镍氢动力电池,技术
整备质量,目标
充电站,环节
汽油机,技术
太阳能光伏产业,环节
中国可再生能源学会,学协会
光伏产品,环节
光伏市场,环节
光伏行业,环节
太阳电池板,技术
汽车营销,环节
汽车消费税,工具
燃料电池客车,车型
项目申请,工具
低能耗,目标
产业扶持政策,工具
原油价格,工具
产品标准,工具
汽车产业链,环节
混合动力汽车,车型
多能源动力总成控制器,技术
电动轮驱动,技术
项目研发,工具
汽车市场,环节
汽车零部件再制造,工具
汽车涂料,技术
关键零部件,技术
整车企业,企业
技术支撑体系,环节
中国汽车市场,环节
研发生产,环节
可再生资源,技术
环保节能,目标
海洋油气资源开发,环节
多联产技术,技术
绿色设计与制造,技术
煤炭液化技术,技术
中央财政补贴,工具
火炬计划,工具
污水处理设施,工具
首发车,工具
绿色动力,工具
工业生态系统,技术
税收补贴,工具
新能源汽车产业联盟,学协会
柴油发动机,技术
纯电动公交车,车型
电容器,技术
零部件企业,企业
研发计划,工具
汽车行业,环节
整车技术,技术
发动机电控系统,技术
驱动电机系统,技术
政府优先采购,工具
传统动力源,技术
混合动力源,技术
绿色车队,目标
国际汽车展,工具
氢能源汽车,车型
现代农业技术,技术
多波束测深系统,技术
战略研讨会,工具
北京汽车工程学会,学协会
半导体照明,技术
现代交通技术,技术
清洁柴油,技术
混合动力系统,技术
减排效果,目标
电池车,车型
混合动力电动汽车,车型
商用车,车型
燃料替代,技术
整车设计,技术
材料轻量化,目标
空置率,目标
准入规则,工具
河南省汽车工程学会,学协会
中介机构,其他机构
智能交通,目标
碳减排,目标
双模式,目标
东风商用车,车型
月租费,工具
反补贴调查,工具
服务供应商,企业
矿业权转让,工具
产权交易市场,环节
服务外包产业,工具
服务外包企业,工具
节能减排,目标
插电式混合动力汽车,车型
水下机器人,技术
风机制造,技术
工程研究中心,科研院所
太阳能光伏,技术
汽油加氢,技术
可再生能源,技术
乘用车市场,环节
汽车用品,环节
交叉型乘用车,车型
汽车销售,环节
重卡市场,环节
供应链金融服务,工具
供应链管理,工具
消费者价格指数,环节
减排技术,技术
产业集群,环节
客车,车型
电池快换,技术
双离合器,技术
电子控制单元,技术
汽车经销商,企业
合资公司,企业
中低速磁悬浮列车,技术
金太阳示范工程,工具
锂离子充电电池,技术
燃料电池系统,技术
锂电池,技术
汽车电池,技术
燃料电池双极板,技术
太阳能热电站,技术
未来移动通信,技术
世界自然保护联盟,学协会
中科院电工所,科研院所
以旧换新,工具
履约保证金,工具
公共交通领域,环节
公交客车,车型
光伏技术,技术
新能源发展,目标
研讨会,工具
电池回收,工具
环保产业,环节
国际货币基金组织,学协会
高管人员薪酬,工具
农机补贴,工具
零部件供应商,企业
改装车,车型
发动机管理系统,技术
大型钢铁企业,企业
中小板公司,企业
服务提供者,企业
国有大企业,企业
综合交通运输体系,目标
技术经济比较,工具
民营汽车企业,企业
无轨电车,车型
续航里程,目标
电动轿车,车型
太阳能汽车,车型
风能发电,技术
新能源产品,环节
动力电池组,技术
电动车电池,技术
离子电池,技术
汽车零部件企业,企业
客车企业,企业
国家大学科技园,科研院所
非上市股份公司,企业
多层次资本市场,环节
信贷支持,工具
房管局,政府
住房消费,工具
土地交易,工具
出口关税,工具
高管薪酬,工具
保障房建设,工具
养老保险关系转移接续,工具
政府采购项目,工具
显示芯片,技术
新增利税,工具
军民两用技术,技术
汽车后市场,环节
汽车产业调整振兴规划,工具
比亚迪公司,企业
保有量,目标
上网行为管理,工具
政府还贷,工具
磷酸铁锂电池,技术
服务外包示范城市,工具
高性能计算机,工具
核电工程,工具
创业投资基金,工具
汽车消费信贷,工具
汽车销售市场,环节
汽车零部件产业,环节
公共服务领域,工具
新能源企业,企业
中国电力企业联合会,学协会
动力煤市场,环节
电源结构,技术
扩大内需,工具
神龙汽车,企业
长城汽车,企业
燃油税改革,工具
市场营销,工具
汽车生产企业,企业
煤炭基地,工具
中国工程院,科研院所
附加费,工具
激励性规制,工具
战略成本管理,工具
价值链分析,工具
成本动因分析,工具
总线控制系统,技术
交流牵引电机,技术
电池管理系统,技术
整车控制系统,技术
测试及试验系统,技术
公共交通行业,环节
动力转换系统,技术
插电式,车型
汽车零部件工业,环节
监理咨询,工具
汽车电子技术,技术
高效节能产品,环节
电动汽车充电,环节
导电聚合物,技术
活性炭材料,技术
燃料电池堆,技术
高新技术产业化,环节
技术经济分析,工具
政策扶持,工具
系统解决方案,工具
生物燃料,技术
低碳及醇醚燃料,技术
聚合物锂离子电池,技术
电磁兼容,技术
市场准入,工具
新《保险法》,工具
低碳交通,目标
电动汽车充电站,工具
乙醇燃料,技术
永磁电机,技术
交流感应电机,技术
电机技术,技术
同步磁阻电机,技术
永磁同步电机,技术
开关磁阻电机,技术
单体电池,技术
电网投资,工具
电力供求,工具
功能涂料,技术
清洁替代燃料汽车,车型
氢发动机汽车,车型
动力电池系统,技术
技术平台,工具
产学研合作研发,工具
工业标准,工具
商业化运行,工具
商业化模式,工具
市场份额,目标
消费者效用,目标
预测模型,工具
技术预见,工具
电机驱动系统,技术
钒电池,技术
零部件标准,工具
燃料电池混合动力汽车,车型
新能源汽车企业,企业
分级管理,工具
铸造行业,环节
星级评定,工具
环保督察,工具
电控系统,技术
电池技术,技术
法国电力公司,企业
制动能量回收,工具
世博园区,政府
零排放,目标
电动概念车,车型
标准体系,工具
涡轮增压器,技术
锂电池隔膜,技术
安凯客车,企业
投资评级,工具
汽车产业振兴规划,工具
汽车消费市场,环节
汽车用户,消费者
汽车广告,环节
广汽集团,企业
长丰集团,企业
长丰汽车,企业
汽车金融服务,工具
税收优惠,工具
风力发电,技术
专利,工具
风险规避,工具
税收负担,工具
税收优惠政策,工具
服务站,工具
售后服务,环节
互联网公司,企业
拉动消费,工具
拉动经济增长,工具
中央研究院,科研院所
微型电动车,车型
新能源商用车,车型
天然气发动机,技术
客车底盘,技术
现代装备制造,技术
工业园区,政府
醇类燃料汽车,车型
氢燃料汽车,车型
大用户直购电,工具
场外交易市场,环节
康明斯发动机,技术
太阳能电池技术,技术
甲醇汽车,车型
全生命周期,目标
环境效益,目标
经济效益,目标
售后市场,环节
上海钻石交易所,其他机构
海外高层次人才,工具
创新创业基地,工具
高新区建设,工具
富通集团,企业
创新型科技园区,政府
特斯拉,企业
北汽集团,企业
金龙客车,企业
东风公司,企业
整车性能,目标
电池性能,目标
中国电池工业协会,学协会
中国有色金属工业协会,学协会
中国废钢铁应用协会,学协会
增值税退税,工具
单位工业增加值,目标
充电桩,工具
电动汽车充电设施,工具
电动车充电站,工具
油耗控制,工具
成品油定价机制,工具
存款准备金率,工具
物联网应用,工具
产销情况,目标
清洁生产技术,技术
战略性新兴产业,环节
科技企业孵化器,工具
创业孵化,工具
复合材料管道,技术
太阳能电池组件,技术
国内生产总值,目标
战略合作框架协议,工具
产业园,政府
中国机电产品,环节
美国钢铁工人联合会,学协会
经济发展方式转变,目标
产业结构升级,目标
新业态,目标
中型客车,车型
新能源电动汽车,车型
重型载货车,车型
风电装机容量,目标
产业投资基金,工具
信贷资产结构,工具
下一代通信网络,工具
电气设计规范,工具
有机太阳电池,技术
低速电动车,车型
太阳能产品,技术
太阳能光伏玻璃幕墙,技术
动力锂离子电池,技术
电池寿命,目标
充电式混合动力汽车,车型
昌河汽车,企业
电动车市场,环节
华晨汽车,企业
一汽轿车,企业
汽车销售公司,企业
全钢子午线轮胎,技术
建筑业协会,学协会
直接补贴,工具
出租车,车型
新能源公交车,车型
环卫车,车型
锂离子电池产业,环节
产业价值链,环节
中国人民银行,政府
双离合变速器,技术
高压共轨系统,技术
产业技术创新战略联盟,学协会
高压共轨燃油喷射系统,技术
制动摩擦片,技术
移动互联网,工具
电池续航时间,目标
制氢设备,技术
黄海客车,企业
恒通客车,企业
国际商用车,车型
整车控制器,技术
工程机械行业,环节
机床工具行业,环节
核心资本充足率,目标
中银国际证券,其他机构
新能源汽车电源,技术
纯电动乘用车,车型
插电式混合动力,车型
燃油消费税,工具
低碳城市,目标
低碳绿色,目标
低碳试点,工具
太阳能发电站,技术
科技型中小企业技术创新基金,工具
孵化器,工具
直流充电机,技术
纯电动公交客车,车型
电池租赁模式,工具
内燃发动机,技术
深交所,其他机构
氢燃料电池车,车型
高新技术产业化基地,工具
国家技术创新工程,工具
互联网大会,工具
物联网产业,环节
煤矿安全监测,工具
高端人才,工具
国家重大科学研究计划,工具
合肥高新技术产业开发区,政府
北部湾经济区,政府
首席专家,工具
汽车报废,环节
中国科学院电工研究所,科研院所
非现金结算,工具
市场占有率,目标
网络实名制,工具
积分制,工具
代理权之争,工具
人民币贷款,工具
数据修订,工具
工资指导线,工具
城乡低保,工具
分工格局,工具
全球化,工具
政策比较,工具
外汇储备,工具
“两化”融合,工具
专用校车,车型
汽博会,工具
区域新兴技术产业化系统,技术
丰田混合动力系统,技术
净进口量,目标
经济转型升级,目标
加强队伍建设,工具
多晶硅太阳电池,技术
正极材料,技术
固体电解质,技术
新疆资源税改革,工具
第三方物流企业,企业
去库存化,工具
潍柴动力股份,企业
国际车展,工具
新能源补贴,工具
充电设施,工具
国家电网公司,企业
天津滨海新区,政府
公共租赁住房,工具
股票流通盘,工具
科技资金,工具
担保贷款,工具
专精特新,目标
动力总成系统,技术
汽车设计师,工具
高峰论坛,工具
创新创业大赛,工具
技术交易市场,工具
风险投资,工具
网络联盟,工具
投融资体系,工具
生产者补贴,工具
产品质量管理体系,工具
充电设备,工具
电机功率,目标
二氧化碳排放量,目标
低碳生活,目标
零能耗住宅,目标
晶体硅太阳能电池,技术
公务用车,车型
哥本哈根气候峰会,工具
中国进出口银行,其他机构
碳排放量,目标
海外工程承包,工具
锂离子二次电池,技术
锰酸锂动力电池,技术
等速油耗,技术
低滚动阻力,技术
汽车生产商,企业
电子稳定性控制系统,技术
太阳能充电站,工具
重汽集团专用汽车公司,企业
纯电动城市客车,车型
高新技术企业证书,工具
电力变电站,工具
城市发展基金,工具
鄱阳湖生态经济区建设,政府
煤炭资源整合,工具
准入制,工具
可再生能源法,工具
碳纤维复合材料,技术
总装机容量,目标
风力发电机组,技术
混合动力公交客车,车型
海外并购,工具
汽油混合动力汽车,车型
柴油混合动力汽车,车型
汽车用蓄电池,技术
汽油发动机,技术
统计报表制度,工具
标委会,学协会
燃油附加费,工具
应急安全装置,技术
汽车液压动力转向器,技术
煤基清洁能源,技术
替代燃料,工具
南方电网公司,企业
电力负荷管理,工具
光伏并网发电,工具
镍氢电池材料,技术
创新型城市建设,目标
首都科技条件平台,工具
城市轨道交通,目标
矿产资源开发整合,工具
汉诺威工业博览会,工具
信息监控,工具
项目投资决策,工具
电子货运,工具
国际航协,学协会
锂离子动力蓄电池,技术
电动商用车,车型
未来空间,目标
居住证制度,工具
房地产税,工具
户籍制度改革,工具
房产税,工具
汽车行业协会,学协会
油电混合动力系统,技术
混合动力车辆,车型
科技成果转化,工具
零部件产业,环节
燃油经济性,目标
升功率,目标
技术创新服务平台,工具
竞争战略,工具
整体上市,工具
汽车零部件行业,环节
节能环保,目标
普及率,目标
汽车流通协会,学协会
新能源汽车补贴政策,工具
轻量化,目标
可持续发展,目标
混合动力HEV,车型
纯电动EV,车型
新能源公司,企业
甲醇发动机,技术
咨询委员会,政府
国家信息中心,政府
上海世博园区,政府
欧洲投资银行,其他机构
技术指标体系,工具
政府补贴,工具
产业园区,政府
充电服务收费,工具
政府指导价格,工具
插电式电动汽车,车型
政策补贴,工具
评价指标体系,工具
双模电动汽车,车型
消费者行为,消费者
汽车结构材料,技术
汽车上市公司,企业
多品牌战略,工具
市场保有量,目标
产学研一体化,工具
国务院发展研究中心,政府
动态市盈率,目标
市场竞争规则,工具
电动汽车充电系统,技术
绿色低碳,目标
钛酸锂电池,技术
产学研合作,工具
产业技术路线图,工具
世贸组织,学协会
知识产权局,政府
充电市场,环节
燃料电池电动汽车,车型
混联式混合动力汽车,车型
涡轮增压技术,技术
电动汽车产业联盟,学协会
电池租赁,工具
低碳消费,目标
中国机械工程学会,学协会
科普活动,工具
知识产权,工具
刺激消费,工具
免税政策,工具
中汽协,学协会
技术创新战略联盟,学协会
动力电池管理系统,技术
人均碳排放量,目标
监测网络,工具
汽车竞赛,工具
换电站,工具
研发投入,工具
产业结构调整指导目录,工具
能源大转换,工具
产能规划,工具
整车出口,工具
光伏电池,技术
标杆电价,工具
一次能源消费,工具
生物质能发电,技术
先进技术研究院,科研院所
汽车综合性能检测,工具
汽车检测设备,工具
汽车检测技术,工具
价格补贴,工具
美国汽车工程师学会,学协会
长株潭试验区,政府
上市融资,工具
纯电动大客车,车型
政府采购领域,工具
大众消费市场,环节
铁氧体磁性材料,技术
现金流风险值(CFaR),工具
环比增速,目标
信息服务体系,工具
电动客车,车型
混合动力卡车,车型
纯电动物流车,车型
低速纯电动汽车,车型
试验检测,工具
标准化体系,工具
小型二次电池,技术
财政税收政策,工具
补贴,工具
风险评价,工具
风险矩阵,工具
超级电容器,技术
动力电源,技术
电子控制系统,技术
千人计划,工具
研究院,科研院所
投资者,其他机构
环保投资,工具
生态系统管理,工具
联合国环境规划署,政府
稀土功能材料,技术
碰撞测试,工具
汽车三包,工具
销售额,目标
公共采购,工具
电子商务诚信体系,工具
电子商务协会,学协会
汽油混合动力,车型
多边交易,工具
碳市场,环节
企业技术研发,工具
混合动力技术,技术
投诉分析,工具
品牌展会,工具
技术转移中心,其他机构
联盟标准,工具
中国汽车技术研究中心,其他机构
中国国际展览中心,其他机构
知识审计,工具
锂电池材料,技术
智能充换电服务网络,工具
充换电站,工具
智能电网技术,技术
汽车轻量化,目标
安全性能,目标
汽车产业集群,目标
上海大众汽车,企业
太阳能光伏发电,技术
信息技术服务,工具
技术发展规划,工具
信息安全管理体系,工具
工业增加值,目标
风电项目,工具
绿色创新,目标
磁场传感器,技术
液态锂离子电池,技术
出口限制措施,工具
国际竞争力,目标
小型微型企业,企业
工业转型升级,目标
公共服务平台,工具
海峡两岸经济合作框架协议,工具
价格波动,工具
总量控制目标,目标
汽车销售服务,工具
商用车公司,企业
汽车服务企业,企业
投资回报,目标
汽车租赁,工具
可转债,工具
汽车限购,工具
汽车制造行业,环节
国际汽车市场,环节
汽车生产厂商,企业
太阳能发电技术,技术
强制认证,工具
民营资本,企业
中外合资,工具
智能家居,技术
云计算中心,其他机构
广东省自动化学会,学协会
中国自动化学会,学协会
广东省机械工程学会,学协会
储能电池,技术
中国能源战略,工具
复合增长率,目标
排放标准,工具
清洁能源技术,技术
低碳设计,工具
市场规范,工具
结盟合作,工具
专项整治,工具
卫生标准,工具
信息化标准,工具
环保认证,工具
电子商务网站,工具
媒体沟通会,工具
技术试验,工具
创新体系建设,工具
汽车传动系统,技术
电价补贴,工具
环保标准,工具
国际储备,工具
光合作用效率,目标
高等职业教育,工具
课程体系构建,工具
多能源动力总成,工具
上市公司,企业
社保基金,工具
油气开发专项,工具
汽车电子控制技术,技术
回收利用技术,技术
工程塑料,技术
纳米纤维膜,技术
隔膜材料,技术
中国机械工业科学技术奖,工具
控股公司,企业
中关村国家自主创新示范区,政府
电磁兼容标准,工具
汽车电磁兼容技术,技术
无线电监测,技术
产业化基地,工具
保护知识产权,工具
混合动力车技术,技术
出口贡献率,目标
出口值,目标
最大输出功率,目标
AEE,目标
循环使用寿命,目标
汽车制造商协会,学协会
工业节能减排,目标
中国核工业集团公司,企业
远程监控系统,工具
GPS数据格式,工具
数据采集,工具
数据传输,工具
嵌入式操作系统,技术
软件集成,工具
低碳节能环保,目标
基础和配套设施建设,工具
汽车保险,工具
准公共产品,工具
快换系统,工具
反应堆保护系统,工具
税收政策,工具
锂离子电池隔膜,技术
复合结构电机,技术
自动变速器,技术
集成控制技术,技术
轻量化技术,技术
燃料电池发电,技术
复合材料,技术
高分子材料,技术
分立器件,技术
并联技术,技术
公务车,车型
碳化硅晶片,技术
富士电机,技术
动力控制单元,技术
二极管,技术
动力控制系统,技术
产品替代,工具
市场推广,工具
共享汽车,车型
金融创新,工具
无线局域网,工具
创新型人才,工具
博览会,工具
电动汽车充换电站,工具
新能源汽车电池,技术
汽车蓄电池,技术
电动汽车驱动电机,技术
混合动力驱动系统,技术
电驱动系统,技术
牵引电机,技术
混合动力传动系统,技术
EV车发展瓶颈,目标
电动力汽车(EV),车型
混合动力汽车(HEV),车型
燃料电池汽车(FCV)节能减排技术,技术
传感器系统,技术
双层客车,车型
双层巴士,车型
安全保障技术,技术
销售策略,工具
汽车维修,工具
补贴归宿,工具
消费方,消费者
关键技术供应商,企业
安全监控,工具
补贴政策,工具
纯电动汽车动力系统,技术
先进节能技术,技术
基础设施建设,技术
接线桩,工具
燃料电池汽车(FCV),车型
能量管理,工具
功率转换器,技术
电力半导体器件,技术
超大电容器,技术
驱动电动机,技术
产业技术联盟,学协会
汽车代用燃料,工具
高职院校,科研院所
新能源汽车运用技术,技术
低速电动汽车,车型
应用型本科,工具
产业联盟,学协会
增程式电动车,车型
电机驱动器,技术
支撑电容,技术
功率开关器件,技术
发明专利,工具
高压电气系统,技术
混合电动力汽车(HEV),车型
控制技术,技术
传感器技术,技术
轻量化材料,技术
商业模式创新,工具
新兴产业技术创新,工具
中央补贴,工具
推进速度,目标
插电式混合动力客车,车型
形象工程,工具
需求预测,环节
绿色消费,环节
驱动系统,技术
铅酸蓄电池,技术
快速充电,技术
储能技术,技术
检测市场,环节
知识产权联盟,学协会
标准化技术委员会,学协会
市场调查公司,企业
汽车电子零部件,技术
斯特林发动机,技术
战略性贸易政策,工具
研发补贴,工具
外资投资,工具
永磁磁阻电机,技术
电池荷电状态(SOC),目标
库仑效率,目标
汽车空调系统,技术
电动涡旋压缩机,技术
电动压缩机,技术
动力型锂离子电池,技术
锂离子电池正极材料,技术
二次电池,技术
氢镍电池,技术
国际能源署,政府
技术路线图,工具
发展路线图,工具
电子控制技术,技术
发动机寿命,目标
绿色技术,技术
单体大容量固态聚合物动力锂电池,技术
创新电动车商业运营模式,工具
制冷压缩机,技术
氢镍蓄电池,技术
专利代理,工具
质量管理体系,工具
先期产品质量策划,工具
FV公司,企业
动力锂电池,技术
创新生态系统,工具
市场营销战略,环节
市场营销组合策略,环节
适配技术,技术
动力部件,技术
动力部件测试,技术
动力总成测试,技术
燃料电池催化剂,技术
燃气客车,车型
汽车租赁公司,企业
零首付,工具
出租车公司,企业
时风集团,企业
整车系统,技术
信息系统建设,工具
汽车安全技术,技术
节能降耗,工具
债券承销,工具
长途客车,车型
销项税,工具
增值税,工具
“营改增”,工具
减轻税负,工具
汽车召回,环节
沿海经济带,政府
经贸合作,工具
保险代理,工具
股份制商业银行,其他机构
信息安全保障,工具
保险经纪公司,其他机构
会计准则,工具
国际财务报告准则,工具
技术创新工程,工具
电子控制,工具
金融交易税,工具
结构性减税,工具
天然气价格改革,工具
房地产调控政策,工具
太阳能设备,技术
企业兼并重组,工具
反倾销税,工具
摩托车出口,工具
城市维护建设税,工具
因公出国(境),工具
上市公司并购重组,工具
利率管制,工具
存贷利差,工具
煤电联营,工具
低碳发展,目标
太阳能企业,企业
碳交易市场,环节
增程式电动汽车,车型
客户服务中心,企业
标准体系建设,工具
高新技术产业开发区,政府
创新型产业集群,工具
生产力促进中心,其他机构
并联式混合动力汽车,车型
数据中心,其他机构
光伏企业,企业
总量调控,工具
日产公司,企业
燃料电池电动车,车型
涡轮增压系统,技术
经销商网络,环节
开放实验室,工具
民间资本,工具
境外投资,工具
测试实验室,工具
充电技术,技术
尾气排放标准,工具
汽车回收,环节
技术监督局,政府
协同创新,工具
种群竞争模型,工具
物流业增加值,目标
物流配送车辆,车型
城市物流配送,环节
专项资金管理,工具
管理信息系统,工具
研发中心,科研院所
碰撞试验,工具
灵活燃料汽车,车型
园区循环化改造,技术
清洁能源发电,技术
电容型锂离子电池,技术
科技产业园,政府
创业板上市,工具
环境自动监测,工具
电力购买协议,工具
成品油价格形成机制,工具
电价改革,工具
人脸识别系统,技术
特种车,车型
客车销量,目标
反事故措施,工具
农网改造升级工程,工具
灾备中心,其他机构
投资性需求,工具
微控制器,技术
高压共轨技术,技术
充换电服务网络,技术
中国商飞,企业
汽车售后,环节
商业化运营,工具
电子商务信用,工具
制动能量回收效率,目标
汽车服务贸易,工具
用户接受度,目标
市场导入期,环节
营销战略,工具
热管理系统,技术
冷却结构分析,技术
试验验证,工具
财税,工具
产学研联盟,学协会
网络管理系统,工具
涡旋式压缩机,技术
多绕组电机,技术
FPGA芯片,技术
检测平台,工具
风光互补发电系统,技术
超级电容模组,技术
验证体系,工具
成本核算,工具
信息管理,工具
应用实践,工具
应用示范,工具
研发团队,工具
充电时间,目标
技术评估,工具
消费者购买行为,环节
供应商参与新产品开发,工具
供应商选择,环节
清洁生产工艺,工具
充电基础设施,工具
回收体系,环节
电动汽车充电桩,工具
并联式混合动力系统,技术
国家科技计划,工具
教育评价指标体系,工具
电池膜材料,技术
无线充电技术,技术
油气混合动力车,车型
薄膜电容器,技术
电解电容器,技术
“三步走”战略,工具
产业技术创新联盟,学协会
乘用车企业,企业
氢动力汽车,车型
宣传推广,工具
小排量发动机,技术
混凝土机械,技术
第三方回收,环节
北京理工大学,科研院所
北京工业大学,科研院所
汽车供应商,企业
成长动力机制,工具
汽车上市公司税负,工具
研发费用,工具
税收减免,工具
充气站,工具
推广使用,工具
发动机排量,目标
专利标准化,工具
低碳创新产品,工具
科技接受模型,工具
电动公交客车,车型
公共平台,工具
能源汽车,车型
压铸工艺优化,技术
技术创新平台,工具
知识共享,工具
专利授权,工具
专利诉讼,工具
混合动力变速器,技术
研发联盟,学协会
汽车整车制造,工具
汽车新能源技术,技术
空气污染标准,工具
病毒式营销,环节
知识权利,工具
绿色消费者,消费者
推广策略,工具
交通体系划分,工具
双离合器自动变速器,技术
散热器面罩,技术
四轮驱动系统,技术
电动车蓄电池,技术
HEV/PHEV/EV,车型
低碳竞争力,目标
回收利用体系,工具
充电站网络,工具
数据管理,工具
核心数据库,工具
暗物质粒子探测卫星,技术
联名专利,工具
车辆在线监控系统,工具
国际科技合作,工具
动态监控平台,工具
绿色知识产权战略,工具
绿色专利,工具
绿色商标,工具
战略分析工具,工具
新能源动力电池系统,技术
复杂自适应系统,技术
地理信息系统,技术
风光互补,目标
能量配比,目标
MPPT控制,技术
质子交换膜燃料电池,技术
小型纯电动汽车,车型
电动车(EV),车型
混合动力电动汽车(HEV),车型
电源分级控制,工具
重庆汽车工程学会,学协会
油气管网,工具
低地板有轨电车,车型
研发组织,科研院所
国际会议中心,其他机构
中国国际贸易促进委员会,政府
创新驱动发展战略,工具
国家可持续发展实验区,政府
分布式光伏发电,技术
并购重组,工具
绿色新能源大赛,工具
网络服务平台,工具
电子驻车制动器,技术
机动车保有量,目标
创新商业模式,工具
国债期货,工具
期货合约,工具
森林生态效益补偿基金,工具
宽带基础设施,工具
智慧城市建设,目标
车载电池,技术
智能变电站,工具
标准化试点,工具
公交专用车道,工具
城市公共交通,工具
定制公交,工具
公共汽车,车型
城市交通发展,工具
投资促进,工具
汽车共享,工具
选址规划,工具
充换电设施,工具
汽车改装,工具
碱性燃料电池,技术
新钻石蛛网模型,技术
专利行政执法,工具
专利授权量,工具
信息服务站,工具
科技咨询公司,其他机构
创业中心,其他机构
研发机构,科研院所
科技计划项目,工具
现场检测,工具
国网公司,企业
推广示范,工具
科技攻关计划,工具
技术跨越发展,工具
科技进步奖,工具
生活垃圾处理设施,工具
消费市场,环节
基础软件产品,工具
下一代互联网,工具
产学研用合作,工具
科技成果推广,工具
吸引人才,工具
产业链协作,工具
科技重大专项,工具
宽带移动通信,工具
优化产业结构,工具
科技成果产业化,工具
上游供应商,企业
国家重大创新基地,工具
高强型碳纤维,技术
智能制造装备,技术
中国重型机械工业协会,学协会
国际标准化组织,学协会
金砖国家开发银行,其他机构
原材料库存,工具
外汇储备库,工具
技术生态位,工具
战略生态位管理,工具
气压监测系统,技术
汽车售后市场,环节
百人计划,工具
科技体制改革,工具
目标责任制,工具
国家重点实验室,科研院所
外国专家,工具
特色产业基地,工具
国Ⅳ排放标准,工具
农机购置补贴政策,工具
研发投入强度,工具
液压混合动力,技术
可再生能源补贴,工具
校企联盟,工具
技术成果转化,工具
高层次人才,工具
乘用车燃料消耗量限值,工具
点燃式发动机,技术
国Ⅴ排放标准,工具
汽车商业评论,环节
专利申请,工具
电动汽车快速充电,环节
气候融资,工具
环境政策工具,工具
总发电量,目标
碳排放强度,目标
增量投资,目标
无刷直流电动机系统,技术
智能充电模式,工具
协同交易模式,工具
经营绩效,工具
远程诊断系统,工具
消费者偏好,工具
融资策略,工具
多功能试验台,工具
快速原型,工具
远程监控,工具
电动车充电器,技术
百公里油耗,目标
市场细分,工具
审核评估,工具
城市公交企业,企业
购买行为,工具
单双号限行,工具
插电式混合动力汽车(PHEV),车型
纯电动汽车(EV),车型
绿色节能,工具
结构调整,工具
品牌体验,工具
液压混合动力公交车,车型
柴油公交车,车型
低碳城市交通,目标
消费行为,环节
财政政策,工具
环保效益,工具
环保管理,工具
产业壁垒,工具
中国投资协会,学协会
投融资政策,工具
民间资本投资,工具
养老服务设施,工具
国际贸易综合改革试点,工具
产品全生命周期,工具
充电装备,工具
资源节约型社会,目标
市场准入制度,工具
标准制订,工具
运行管理模式,工具
燃料电池盒汽车,车型
乘用汽车,车型
新能源汽车消费,环节
政府采购政策,工具
采购清单,工具
拓展市场,工具
矢量控制技术,技术
汽车整车厂,企业
虚拟车载终端,技术
低碳化,目标
绿色工业革命,目标
稀土行业协会,学协会
市场投放,工具
电池企业,企业
充电车位,工具
标准规范,工具
小型电动车,车型
汽车电子控制,技术
动力蓄电池包,工具
检测设备,工具
牵引蓄电池,技术
产品质量监督,工具
工程技术研究中心,科研院所
低碳运输经济,目标
产品定价,工具
民用汽车保有量,目标
燃油经济性标准,工具
动力总成控制器,技术
科技计划,工具
电动助力转向系统,技术
扭矩传感器,技术
液压助力转向系统,技术
本土化战略,工具
中国电工技术学会,学协会
人才培养,工具
交流充电桩,工具
服务保障,环节
协同创新网络,工具
商业生态系统,工具
整车控制,技术
新能源汽车供应链,环节
风险识别,工具
风险评估,工具
磷酸铁锂专利,工具
截面参数优化,技术
能源结构预测,工具
风险指标体系,工具
财税制度,工具
人力资源配置,工具
研发项目管理,工具
新能源汽车上市公司,企业
可持续增长率,目标
融资租赁,工具
项目建设管理模式,工具
税后净利润,目标
回收技术,环节
雷电定位系统,技术
既有建筑节能改造,工具
民用建筑能耗标准,目标
柴油标准,工具
汽油标准,工具
以奖代补,工具
目标价格制度,工具
供应链体系,环节
无源传感器系统,技术
关税优惠,工具
成品油消费税,工具
国际服务外包,工具
事业性收费,工具
绩效评价指标,工具
移动站,工具
充电服务,环节
创新生态系统理论,工具
创新生态系统模型,工具
宽体轻客,车型
重型货车,车型
中国稀土学会,学协会
技术创新生态化,工具
公共交通服务,工具
并联审批,工具
中国公路网,工具
传导式充电机,技术
金属氢化物镍蓄电池,技术
中国煤炭工业协会,学协会
充换储一体化站,工具
电量隔离传感器,技术
市场主体准入,工具
汽车产量产业数据库,工具
二手车交易平台,工具
铅蓄电池,技术
可再生能源技术,技术
公私合营,工具
中国小额信贷,工具
小额信贷机构,其他机构
全球能源互联网,工具
反倾销税率,工具
示范基地,工具
镍锌电池,技术
锌空气电池,技术
金属燃料电池,技术
小排量乘用车,车型
汽车购置税,技术
消费税税率,技术
国产轿车,车型
培育市场,工具
新能源车企,企业
反垄断调查,工具
多渠道筹集资金,工具
公交专用道,工具
企业所得税,工具
定向调控,工具
公车制度改革,工具
铁路监督,工具
公务用车制度,工具
公务交通补贴,工具
科普惠农兴村计划,工具
加工贸易,工具
居民电价,工具
汽车电商,企业
汽车垂直网站,工具
绿色出行,工具
消费品零售总额,目标
绿色建筑标准,工具
国家工程实验室,科研院所
企业目录,工具
成品油市场,环节
公共机构,其他机构
网络信息技术,工具
新能源发电系统,技术
汽车交易市场,环节
公共充电桩,工具
中国通用机械工业协会,学协会
电子驻车制动系统,技术
锂电池正极材料,技术
投融资,工具
株洲高新区,政府
跨国专利,工具
汽车电子控制装置,技术
怠速启停系统,技术
国家补贴,工具
凝胶聚合物电解质,技术
分布式光伏电站,工具
优惠税率,工具
企业“走出去”,工具
大气污染防治行动计划,工具
年报披露,工具
中国土木工程学会,学协会
外商投资,工具
空气动力汽车,车型
维修培训,工具
经营协同,工具
检测服务,工具
争端解决机构,其他机构
汽车贸易,工具
汽车互联网,工具
电池续航能力,目标
气电混合动力客车,车型
借壳上市,工具
电能计量自动化系统,技术
教育培训,工具
人才政策,工具
二手车置换,工具
会展中心,工具
需求侧响应,工具
峰谷电价,工具
充电需求预测模型,工具
充电功率控制策略,工具
动力测试系统,技术
自动焊接专机,技术
电池置换,工具
通信协议,工具
车载电源,技术
AC-DC车载充电机,技术
DC/DC车载变换器,技术
有序充放电,技术
车网时序互动,技术
推广应用及对策措施,工具
检测认证,工具
信息服务,工具
节能无刷风机,技术
智能控制模块,技术
检测试验系统,技术
驱动控制器,技术
总线网络开发测试,工具
V模式开发,工具
试验开发平台,工具
柴油消费税,工具
充换电网络规划,工具
城市电网,工具
服务运营,工具
贸易保护,工具
反馈机制,工具
京津冀一体化,工具
税收减免政策,工具
推进措施,工具
市场培育,工具
发动机冷却系统,技术
天津高新区,政府
人才培养计划,工具
城市发展战略,工具
国家会议中心,其他机构
胎压监测系统,技术
汽车试验台,工具
新营销模式,工具
网络营销模式,工具
品牌直销,工具
租赁模式,工具
汽车售后服务,环节
总经销商,企业
新能源汽车(NEV),车型
电动汽车(EV),车型
纯电动汽车(BEV),车型
安全工程技术,技术
电控技术,技术
碳负极材料,技术
煤炭清洁利用,工具
纯电动厢式运输车,车型
电动汽车制动系统,技术
电源控制系统,技术
混合电动汽车,车型
电网公司,企业
计量标准,工具
生物燃料电池,技术
生命周期评价,工具
社会资本,工具
科技保险,工具
中国铁路总公司,企业
汽车金融公司,企业
微型电动汽车,车型
风险管理,工具
电能计量装置,工具
整车销售,工具
汽车电子系统,技术
驾驶辅助系统,技术
电池管理系统(BMS),技术
异步感应电机,技术
市场研究公司,企业
电动汽车智能充换电服务网络,工具
报废,环节
回收,环节
限购政策,工具
售后服务体系,工具
进退壁垒,工具
消费税,工具
零点研究咨询集团,企业
风险控制,技术
高校人才培养,工具
国际高峰论坛,工具
固定资产投资项目,工具
电动汽车充电基础设施,工具
中国进出口商品交易会,工具
兼并收购,工具
回收利用,环节
汽车共享服务,工具
技术支持中心,其他机构
后下部防护装置,技术
防抱死制动装置,技术
中国物流与采购联合会,工具
外商投资产业指导目录,工具
工业绿色发展,目标
国家重点研发计划,工具
煤炭资源税改革,工具
创业投资引导基金,工具
创新型企业,企业
中央财政补助,工具
水利投融资,工具
水权制度建设,工具
宽带接入网,工具
快速充电机,工具
能源管理系统,工具
投资便利化,工具
互联网金融,工具
移动智能终端,工具
智能网联汽车,车型
中央定价目录,工具
中国电子学会,学协会
国家技术标准,工具
国家标准化管理委员会,学协会
专利战略,工具
保养维修,环节
积分制度,工具
零排放车辆,车型
可穿戴设备,技术
移动设备,技术
电动汽车充电负荷,目标
资产证券化,工具
融资模式,工具
非行政许可审批,工具
智能汽车智能交通,目标
海关统计,工具
外贸出口,工具
保险产品设计,工具
展示交易会,工具
中国北方车辆研究所,科研院所
正极二氧化铅转化率,目标
风电基地,工具
产品技术标准,工具
交通运输企业,企业
消费者采纳,目标
兼容性产品,工具
出租车牌照,工具
电驱动系统技术,技术
插电式混合动力公交车,车型
插电式混合动力电动汽车,车型
消费者市场,环节
新车购置价,工具
安全证书,工具
营销发展,工具
营销模式,工具
配套设施费,工具
磷酸铁锂电池组,技术
固定资产投资,工具
纯电动轻型客车,车型
应用推广,工具
商务模式,工具
磷酸锂电池,技术
联席会议制度,工具
协议采购,工具
汽车品牌销售管理,工具
二手车鉴定评估,工具
国家集成电路产业投资基金,工具
政府和社会资本合作模式,工具
人才培养工程,工具
充换电业务,环节
数据采集处理,工具
项目补贴,工具
租赁共享,工具
多用户交通分配,工具
绩效体系,工具
汽车经销,环节
体验店,环节
移动电站,工具
创新联盟,工具
绿色专利战略,工具
市场开拓,工具
实训基地,工具
锂-空气电池,技术
废旧动力蓄电池,技术
技术交流活动,工具
铅碳电池,技术
项目融资,工具
网络约车,工具
配建停车位,工具
停车设施规划,工具
全轮驱动系统,技术
全承载式车身,技术
智能管理系统,工具
专利技术,工具
专利地图,工具
可再充电式能量储存系统,技术
生产者延伸责任(EPR),工具
汽车动力电池,技术
回收利用模式,工具
产业创新系统,目标
产业结构调整,目标
经济结构调整,目标
采购金额,工具
人才培养模式,工具
中职学校,科研院所
技能人才,工具
新产品开发供应商管理,工具
供应商评估与选择,工具
二手车交易市场,环节
实训基地建设,工具
车身轻量化,工具
回收处理技术,环节
充电装置,工具
降价促销,工具
财政专项资金,工具
绩效评价,工具
人大监督,工具
纯电动公交,车型
电流传感器,技术
产品质量监管,工具
混动/电动汽车,车型
插电式城市客车,车型
商业车险,工具
高技能人才,工具
一体化课程,工具
汽车自动变速器,技术
单级减速器,技术
地方高校,科研院所
财政支出,工具
乘数效应,工具
新能源汽车技术专业,工具
产品推介会,工具
紧急(生产)补订,工具
高压电动汽车,车型
供应链协同,工具
北汽新能源汽车公司,企业
赁购模型,工具
配套财政政策,工具
全塑车身电动汽车,车型
产学研创新网络,工具
锌溴液流电池,技术
液流储能电池,技术
三元锂电池,技术
成长股,工具
排放许可,工具
国家能源委员会,企业
经济技术开发区,政府
农村土地承包法,工具
领军人才,工具
技能大赛,工具
排污许可证,工具
创新培训,工具
BMS电池管理系统,技术
电池状态监测,工具
发动机压缩比,技术
回收处理,环节
检测手段,工具
中国工程机械工业协会,学协会
信息交流会,学协会
回收再利用,环节
锂氧电池,技术
平行进口汽车,工具
政策性引导基金,工具
电池更换站,工具
制造业创新中心,其他机构
国际产能合作,工具
两化融合管理体系,工具
用地预审,工具
上市石油公司,企业
新能源积分,工具
充电站建设,工具
信息化管理,工具
双离合自动变速器,技术
双离合自动变速箱,技术
产业共性技术创新体系,工具
国内债券市场,工具
中国证券监督管理委员会,政府
抽水蓄能电站工程,工具
储能装置,工具
高能量电池,技术
国家周边外交战略,工具
快速充电站,工具
机动车驾驶人,工具
汽车产业园,政府
纯电动汽车检修,环节
直流快充,技术
充电速度,目标
技术展览会,工具
专利联盟,学协会
经销商大会,工具
职教联盟,学协会
经销商会议,工具
外资企业,企业
压缩空气储能系统,技术
国家自然科学基金,工具
服务运营管理,工具
知识转移,工具
电池产品,工具
先行示范区,工具
地下综合管廊,工具
大型商业综合体,工具
智能交通控制系统,工具
大众传播媒介,工具
数据采集终端,工具
机械式自动变速器,技术
技术标准体系,工具
新旧动能转换,工具
众创空间,工具
综合服务平台,工具
移动终端设备,技术
土地储备资金,工具
土地储备机构,工具
永磁同步电机驱动系统,工具
研发经费,工具
产学研相结合,工具
公共文化服务体系,工具
物流平台,工具
竞争创新,工具
京津冀协调发展,工具
可再生能源消纳,工具
企业融资机制,工具
研发平台,工具
机床协会,学协会
内燃机再制造推进计划,工具
中国机床工具工业协会,学协会
技术创新网络,工具
车联网技术,技术
无人驾驶汽车,车型
充电服务市场,环节
补贴退坡,工具
废弃物回收,环节
征收标准,工具
奖励政策,工具
激励工具,工具
无人驾驶车,车型
分布式电站,工具
海外销售,工具
技术攻关,工具
政府扶持政策,工具
政府干预,工具
海外市场进入,工具
技术合作机制,工具
绿色税收,工具
小客车牌照摇号,工具
非公开发行股票,工具
充电插头,技术
充电柱,技术
配套补助,工具
科技创新平台,工具
加权专利合作网络,工具
回购担保,工具
普通乘用车,车型
移动充电,工具
产品目录,工具
基础电信运营商,企业
市场开放,工具
资金补贴,工具
智能终端,技术
智能充电,技术
战略合作协议,工具
太阳能光伏发电系统,技术
电动汽车驱动系统,技术
动力铅酸蓄电池,技术
产业技术创新能力评价体系,工具
实践教学体系,工具
二手车便利交易,工具
产业发展策略,工具
出口增长点,工具
研究开发机构,科研院所
驱动电机及其控制系统,技术
专利布局,工具
销售市场,工具
工业产业结构调整,工具
无人驾驶技术,工具
创新型孵化器,工具
电子商务产业园,政府
整车控制策略,工具
开放共享,工具
中小微企业,企业
汽车节能技术,工具
制造基地,工具
富锂正极材料,技术
新能源汽车动力电池,技术
动力电池回收,环节
新三板挂牌,工具
汽车电子标识,工具
奖补资金,工具
国家科技进步奖,工具
交换电设施,工具
热电联产企业,企业
续航能力,目标
国家电线电缆质量监督检验中心,政府
销售计划,工具
人才培养体系,工具
大数据营销,工具
一体化学习工作站,工具
品牌战略实施,工具
汽车充电设施,工具
GVDP,技术
GPDP,技术
电动伺服制动系统,技术
上市企业,企业
消费模式,工具
企业文化构建,工具
投资价值评估,工具
新能源商用汽车,车型
梯度激励体系,工具
运营管理,工具
PPP模式,工具
整车电气系统,技术
整车电气测试系统,技术
回收利用管理,工具
中高职衔接,工具
汽车维修类专业,工具
职业教育,工具
大数据库,工具
创新研发,工具
专利预警,工具
战略咨询,工具
京津冀协同发展,工具
生态城市建设,目标
强制性国家标准,工具
无轨电车供电系统,技术
无线充电系统,技术
高规格创新网络,技术
共享商业模式,工具
三链融合,工具
绩效创新,工具
碳金融交易市场,工具
汽车检测与维修技术人员,工具
废铅酸蓄电池,技术
职业院校技能大赛,工具
高职汽车专业,工具
汽车职业教育,工具
汽车制造与装配技术,技术
安全论坛,工具
技术创新联盟,学协会
信息交互,工具
隐患排查治理,工具
积分管理,工具
监控平台,工具
商业补贴,工具
大数据公司,企业
公益基金会,其他机构
流转税税负,工具
所得税税负,工具
智能监控系统,工具
混合所有制改革,工具
全生命周期理论,工具
知识产权布局,工具
安全技术检验,工具
税收扶持政策,工具
专利信息服务平台,工具
京津冀地区市场,工具
产品准入规则,工具
中欧峰会,工具
家用轻便型汽车,车型
汽车零部件供应商,企业
智能交通体系,工具
财政补助,工具
终端销售,工具
乘用车油耗,目标
政府研发补助,工具
政府非研发补助,工具
风扇冷却控制系统,技术
ATS控制系统,技术
年复合增长率,目标
外资股,工具
对外投资规模,工具
原油期货市场,工具
境外中资企业,企业
全自动驾驶,技术
双积分,工具
吸收外资,工具
准入前国民待遇,工具
在华投资,工具
准入限制,工具
债务处置,工具
境外投资者,其他机构
国家级开发区,政府
独资企业,企业
一次能源消费结构,工具
多能互补,工具
勘探投资,工具
战略石油储备,工具
天然气储备,工具
中国机械工程学会摩擦学分会,学协会
一体化监管,工具
监管执法,工具
铝空气电池,技术
大数据联盟,学协会
网络建设管理,工具
强制性认证,工具
汽车租赁业,工具
远程管理平台,工具
钠盐电池,技术
中小股东,企业
新能源汽车租赁,工具
智库联盟,学协会
电池管理系统BMS,技术
私营企业,企业
国家质检中心,其他机构
社会公用计量标准,工具
充电云平台,工具
充放电偏好,技术
延时充电,技术
价格激励,工具
时序响应能力,目标
充电计划,工具
先进磷酸铁锂储能电,技术
城镇土地使用税,工具
公共政策协同,工具
绩效评估,工具
人才培养方案,工具
中国电子元件行业协会,学协会
产业创新生态系统,工具
汽车制造公司,企业
教学资源库,工具
实训教学平台,工具
能量回收,环节
资源库,工具
资源共享,工具
学分互认机制,工具
教学平台,工具
交通基础设施,工具
专业课程体系,工具
租购同权,工具
房产税试点,工具
反补贴税,工具
普惠制财政补贴,工具
以租代售,工具
城轨交通,工具
专业人才培养,工具
课程准入,工具
模块化人才培养,工具
财政补贴退坡,工具
汽车检测与维修人才,工具
投资咨询业务,工具
政策协同,工具
协同培养,工具
财政货币政策,工具
专利信息组织模式,工具
校企合作课程,工具
现代学徒制,工具
有偿使用制度,工具
简政放权,工具
知识产权保护,工具
微信营销,工具
积分交易,工具
积分价格,工具
专业课程设置,工具
召回制度,工具
油品标准,工具
强制标准,工具
技术门槛,工具
市场营销策略,工具
保险公司,其他机构
比较企业优势观,工具
电子废弃物回收,环节
大宗商品市场,工具
产业链延伸,工具
信息基础设施,工具
整车轻量化,目标
结构优化设计,工具
机动车登记,工具
燃料电池电动客车,车型
“走出去”战略,工具
供给侧结构性改革,工具
银行贷款利率,工具
战略性调整,工具
经营战略,工具
高科技产品,工具
食品安全责任险,工具
市场转化,工具
油气体制改革,工具
质量管理,工具
产品前期质量策划,工具
试验认证,工具
驱动控制系统,技术
以赛促教,工具
校企联动,工具
WTW评价体系,工具
直接融资,工具
共享能效,工具
交互设计,工具
自主品牌新能源汽车,车型
专利风险,工具
预警体系,工具
政府补助,工具
竞争策略,工具
财务指标,工具
补贴政策绩效,工具
绩效管理,工具
绩效考核,工具
集群供应链,工具
产业园规划,工具
CATL公司,企业
磷酸铁锂动力电池,技术
汽车补贴,工具
产业链垂直整合战略,工具
价值营销,工具
电池组热管理,技术
协调制度,工具
国际贸易,工具
实训室建设,工具
监测平台,工具
附加险费率,工具
安全风险评估,工具
商业生态系统模式,工具
建设工程规划许可证,工具
施工许可证,工具
联动效应,工具
可持续转型,工具
实验室建设,工具
零售银行,其他机构
专车市场,工具
专利申请量,工具
强制性产品认证,工具
国家认监委,政府
产学合作教育,工具
新能源车(NEV),车型
免税,工具
目标客户,消费者
可持续发展战略,工具
结构生态化,目标
精益化,目标
智能充电系统,工具
中国内燃机学会,学协会
技术创新扩散,工具
营销创新,工具
营销渠道,工具
共享模式,工具
个性化消费,工具
推广目录,工具
需求价格弹性,工具
增程式汽车,车型
补贴制度,工具
财政补贴法,工具
租赁运营,工具
移动互联网技术,技术
物联网技术,技术
嵌入式系统技术,技术
公众意识培育,工具
串行复合制动系统,技术
研发网络,工具
电池性能测试系统,技术
生态消费模式,工具
财务绩效评价,工具
推广应用资金,工具
交换期权,工具
商业推广,工具
运营创新,工具
新能源汽车市场,环节
直接投入,工具
政府采购,工具
应用型大学,科研院所
实验实训中心,其他机构
电动汽车充电、换电,工具
充电桩进入居民小区,工具
快速充电技术及设施,工具
铅酸动力电池,技术
NEV积分,工具
绿色采购,工具
业务发展策略,工具
量化补贴,工具
BMY新能源汽车公司,企业
新能源汽车供应链协同,工具
中国新能源汽车股票市场,工具
纯电动A级车,车型
汽车营销策略,工具
双积分并行管理,工具
NEV积分交易,工具
电池管理芯片,技术
增长策略,工具
挂牌便利,工具
品牌基因,工具
退役动力电池,技术
大功率快速充电设备,工具
专利成果转化,工具
新能源充换电站,工具
故障诊断及预警,工具
十城千辆工程,工具
故障诊断与排除,工具
服务外包,工具
新能源融资,工具
标准体系框架,工具
汽车租赁服务,工具
出行方式选择,工具
职业培训包,工具
财政补贴政策,工具
共享交通,目标
循环经济收益,工具
锂电池技术,技术
采购协议,工具
动力锂电车,车型
非研发补助,工具
充电设施安全管理,工具
技术发展预测,工具
监控管理平台,工具
汽车专业人才,工具
检测中心,其他机构
创新人才,工具
学徒,工具
企业遴选,工具
变速器试验台,工具
风光互补供电系统,技术
加载试验台,工具
数据库,工具
财务控制,工具
营销推广,工具
“整零”模式,工具
环境感应系统,技术
车载监控终端,技术
应用推广策略,工具
机动车运行安全技术条件,工具
专利池,工具
土地整治规划,工具
补贴制,工具
“领先”用户,消费者
“跟随”用户,消费者
多任务委托代理,工具
协同创新联盟,学协会
汽车控制系统,技术
动力电池包,技术
智能车载终端,技术
TSP汽车服务平台,工具
电磁兼容实验室,工具
并购,工具
外资准入,工具
轻量化设计,工具
地方补贴,工具
锂电池管理系统,技术
可充电储能系统,技术
分类回收,环节
万物互联,工具
产业内补贴,工具
市场营销推广,工具
招贴广告,工具
汽车实训室,工具
充电运营服务信息系统,工具
教学体系建设,工具
互馈测试,环节
充电设施建设,工具
快速充电系统,工具
充电设施运营,工具
品牌营销,工具
产业政策绩效评价,工具
动力电池回收利用模式,工具
人才储备,工具
人才培养机制,工具
新能源汽车补贴制度,工具
行政给付,工具
政府补贴政策,工具
双周协商座谈会,工具
考核奖励,工具
技术改造投资,工具
专利大数据,工具
实训室,工具
互联网平台,工具
供应链资源,工具
产业创新联盟,学协会
两部制电价,工具
智能网联车辆,工具
混合学习,工具
师资培训,工具
汽车技术课程,工具
职业培训,工具
产业基金,工具
固态电池,技术
合众国际社,工具
金融资产投资公司,其他机构
后市场服务型人才,工具
中等专业学校,科研院所
中等职业学校,科研院所
智能化管理系统,工具
绿色专利联盟,学协会
人才队伍建设,工具
高校科技成果,工具
数据记录系统,工具
国务院关税税则委员会,政府
上海铝业行业协会,学协会
新型动力电池,技术
全国职业院校技能大赛,工具
整车下线设备,技术
高端消费者,消费者
碳积分,工具
国家自主创新示范区,政府
光伏充电桩,工具
独角兽,企业
锂电池组,技术
分布式能源站,工具
职业技能培训,工具
经销商培训,工具
世界技能大赛,工具
铅酸蓄电池充电器,技术
绿色营销组合,工具
政府监管,工具
电力交易中心,其他机构
现代学徒制,工具
标准审查,工具
一站式服务,工具
专项扣除,工具
个税改革,工具
动能回收,环节
乘坐舒适度,目标
清理规范,工具
反倾销措施,工具
环保产业园,政府
碳排放交易体系,工具
零关税,工具
引导基金,工具
汽车融资租赁,工具
中职院校,科研院所
绿色标准,工具
双重委托代理,工具
激励约束效应,工具
网络基础设施,工具
下游整车生产商,企业
企业并购绩效,工具
新能源汽车补贴,工具
车载充电装置,工具
大功率充电技术,技术
校企合作模式,工具
平均燃料消耗量积分,工具
取消购置补贴,工具
车辆限购,工具
职业活动导向,工具
创新中心,其他机构
零部件研发,工具
资金投入,工具
政策退坡,工具
回收与再利用,工具
成本分担契约,工具
智慧零售,工具
退役动力电池包,技术
综合管理平台,工具
技术创新中心,其他机构
品牌推广,工具
检测标准,工具
碳纤维增强复合材料,技术
应用型人才,工具
购买补贴,工具
售后服务,工具
实训中心建设,工具
产学研一体,工具
师资队伍建设,工具
电池标准,工具
电池系统管理,工具
重组,工具
并购,工具
体验式营销,工具
新型动力系统,技术
燃油汽车技术体制锁定,工具
消费补贴,工具
专业实训,工具
生命周期可持续性评价,工具
供应链集成设计,工具
车载网络技术,工具
汽车电控架构,工具
实时以太网技术,工具
智能驾驶系统,工具
信息平台,工具
品牌培育,工具
检测与维修技术人员,工具
平均燃油消耗量,目标
信息管理平台,工具
电动汽车分时租赁,工具
无线智能车载设备,工具
智能终端自助用车操作技术,技术
运行监控系统,工具
大数据分析,工具
专利政策,工具
动力蓄电池系统,技术
准入标准,工具
企业竞争策略,工具
汽车造型发展,工具
电价策略,工具
电力市场化,技术
锂电子电池,技术
维修人才,工具
专业课程,工具
服务性人才,工具
教学团队建设,工具
信息公开,工具
虚拟实训平台,工具
技能竞赛,工具
制动能源回收,环节
动力电池技术,技术
网络营销平台,工具
个人碳排放交易机制,工具
购车模型,工具
行车模型,工具
电控一体化,工具
实时监控平台,工具
新能源汽车推广应用,工具
职业教育服务产业,工具
财税体制,工具
新能源乘用车,车型
高速公路项目,工具
外观设计专利,工具
插电混合动力,车型
燃料电池大巴,车型
原始设备制造商,企业
同比增长率,目标
绿色金融,工具
知识型消费者,消费者
轻量优化,目标
减振性能,目标
复合型人才,工具
国际市场进入模式,工具
新能源汽车零部件,工具
成本领先与差异化,工具
投资战略,工具
税收激励,工具
绿色信任,工具
车辆购置税,工具
海外投资,工具
补贴法律制度,工具
补贴门槛,工具
补贴额度,工具
专利产出,工具
动力电池回收模式,工具
融资结构,工具
公共应用服务,工具
汽车充电桩,工具
运营管理平台,工具
绿色营销,工具
质量控制措施,工具
单体锂离子电池,技术
中德合作,工具
培养实训,工具
技能型人才培养,工具
锂动力电池,技术
职业技能大赛,工具
镍氢电池组,技术
展会组委会,政府
风险补偿策略,工具
EPR(生产者责任延伸制度),工具
回收模式,工具
出口贸易,工具
钴酸锂电池,技术
专业教学资源库,工具
低碳能源合作,工具
高级驾驶辅助系统,技术
人机交互技术,技术
语音识别技术,技术
海外专利布局,工具
专利申请策略,工具
机械职业教育,工具
技能人才培养,工具
准入管理规定,工具
充电服务模式,工具
电能补给模式,工具
所得税优惠,工具
购置补贴,工具
配套设施补贴,工具
差异化营销,工具
外商投资法,工具
电压转换器,技术
技术创新奖,工具
中国证券投资基金,工具
股东资格,工具
自动检测平台,工具
课程体系原则,工具
课程实施策略,工具
部际联席会议,工具
电池体系,工具
电子检测技术,技术
运营模式构建,工具
教育信息化,工具
新能源汽车积分,工具
1+x证书制度,工具
电子标识,工具
再生制动能量回收,工具
充电市场预测,环节
1+X证书制度,工具
可转换债券,工具
工程教育,工具
招商引资项目,工具
现行财政体制,工具
一次性补助,工具
工程教育认证,工具
无线通信标准,工具
锂金属电池,技术
动态分时电价,技术
移动充电系统,工具
创新创业教育,工具
市场研究报告,工具
车辆稳定性控制,技术
中国锻压协会,学协会
自动泊车系统,技术
发电计划,工具
人才培育,工具
汽车生产基地,工具
智能电网设备,工具
知识产权运营,工具
公共资源交易中心,其他机构
院校培养,工具
实训平台,工具
金融控股公司,其他机构
课程教学改革,工具
“双师型”教师队伍,工具
全生命周期管理,工具
再生资源企业,企业
分类处置,工具
综合税负,工具
线上线下融合教学,工具
技术经济综合评价,工具
专项检测技术,工具
产业转移工业园,政府
检验项目及设备,工具
可追溯性信息管理,工具
军用技术转民用推广目录,工具
管理控制策略,工具
营销推广策略,工具
财税激励,工具
保兑仓模式,工具
回购策略,工具
循环利用模式,工具
库存―运输整合优化,工具
回收管理,环节
自动驾驶技术,技术
政府推广,工具
政府采购市场,工具
商业运营市场,工具
私人乘用市场,工具
转向自动控制系统,技术
信息化评价技术,工具
股权转让价格,工具
销售商,企业
技术人员培养,工具
技术创新型企业,企业
技术跟随型企业,企业
产品召回管理,工具
智能管理,工具
职业能力发展,工具
安全技术培训,工具
补发实时数据,工具
国家远程监控平台,工具
充电站布局,工具
终端补贴,工具
新型蓄能电池,技术
热电转换技术,技术
功能安全认证,工具
中职教学,工具
微信公众平台,工具
充电桩信息采集,工具
智能网联新能源汽车,工具
新能源共享汽车,工具
智慧租赁平台互联网+,工具
大数据平台,工具
配额交易机制,工具
汽车换购策略,工具
配额库存决策,工具
能源结构与区域排放,工具
能源系统优化,工具
品牌建设,工具
品牌生态系统,工具
理赔服务,工具
环境价值评估,工具
国际化经营,工具
新能源汽车生产企业,企业
企业准入,工具
回收定价,工具
新能源汽车分时租赁,工具
新能源汽车产业财政补贴,工具
竞争政策,工具
多主体参与,工具
新能源汽车推广,工具
新能源汽车维护,工具
技工教育,工具
双积分政策,工具
协同创新模式,工具
低温预热系统,技术
EVA法,工具
免购置税政策,工具
产品结构转换,工具
全产业链战略,工具
垂直整合战略,工具
研发活动,工具
盈余持续性,目标
可移动充电桩,工具
营销设计,工具
运营设计,工具
股权结构,工具
容错控制,工具
能耗监控,工具
课程体系开发,工具
虚拟仿真技术,技术
粤港澳大湾区,政府
安全标准体系,工具
区块链技术,工具
智能车载系统,技术
检验检测体系,工具
数据资源中心,其他机构
电机驱动控制系统,技术
公平竞争审查制度,工具
公平监管,工具
“类保险”效应,工具
稳健概念设计,工具
汽车用动力电池,技术
后补贴,工具
充电服务,工具
售后维修,环节
经济性评价体系,工具
VR虚拟现实技术,工具
模拟实操培训,工具
标准化路线图,工具
充电桩选型,工具
充电桩安装,工具
农发重点建设基金,工具
公众感知,工具
股比放开,工具
外资在华战略,工具
软硬件设计,工具
远程监测平台,工具
清洁生产审核,工具
整合营销策略,工具
体验营销策略,工具
分时租赁智能车载终端(RT-BOX),技术
技能标准,工具
开发研究,工具
互联网营销,工具
技术改进,工具
消费促进,工具
技术开发中心,其他机构
未来发展系统,工具
碳纤维增强,工具
压铸设备选型,工具
政府补贴退坡,工具
企业经营绩效,工具
租赁资产证券化,工具
创新型产业园,政府
PPP项目,工具
新能源汽车财政补贴效应,工具
民营企业,企业
薪酬体系设计,工具
并购效应,工具
回收利用系统,工具
财务风险管理,工具
专利许可,工具
新能源汽车贷款业务,工具
战略性新兴企业,企业
财政补助专项资金,工具
互联网+监管平台,工具
补贴效应,工具
研发补助,工具
证书管理,工具
推广应用型政府补助,工具
鼓励研发型政府补助,工具
智能化建模设计,工具
充电桩预约,工具
VCG定价机制,工具
新能源汽车营销,工具
CCP/XCP协议,工具
混合动力电驱动系统,技术
营销策划,工具
SSM架构云平台监测,工具
补贴政策退坡,工具
技术推广,工具
服务平台建设,工具
协同创新中心,其他机构
品牌设计,工具
品牌标识,工具
供应链优化,工具
智能制造技术,技术
营销体系,工具
智能监测,工具
“三电”人才,工具
第三方检测机构,其他机构
费改税,工具
新能源汽车人才,工具
人才培养改革措施,工具
产业结构转型,工具
创新应用人才,工具
基础配套设施,工具
电池制造商,企业
师资建设,工具
异常保护策略,工具
后市场服务人才,工具
个人购置,工具
充电策略,工具
绿色知识产权,工具
海南自贸区(港),政府
汽车市场推广,工具
充电桩选址,工具
消费者购买,工具
汽车维修企业,企业
充电(站)桩,工具
新能源平台化生产线,工具
服务认证,工具
实验实训,工具
质量控制,工具
消费体验,工具
补贴退坡政策,工具
补贴结构性,工具
充电基础设施建设,工具
销量预测评估,工具
配件企业,企业
新能源汽车制造企业,企业
税收筹划战略,工具
有效税收筹划,工具
国际化战略,工具
驱动电机技术,技术
品牌化,目标
私人充电桩,工具
充电概率,目标
投资激励政策,工具
重大科技项目,工具
高压电池组,技术
教学组织模式,工具
外企入驻,工具
光储充系统,工具
以光养桩,工具
信用债,工具
流通体制改革,工具
协调定价,工具
联盟组合,学协会
减排措施,工具
信息通信融合,工具
“扶持性”政策,工具
“门槛性”政策,工具
政策惠及度,工具
知识共享,工具
知识创新,工具
长三角一体化,工具
低排放汽车,车型
“双师型”教师队伍建设,工具
在线升级技术,工具
电池监控,工具
“双高计划”,工具
专业群建设,工具
企业集群,工具
差异化竞争,工具
传统经销商,企业
集成电驱系统,技术
中外合作项目,工具
世界一流职业院校,科研院所
新能源汽车运用与维修,工具
“1+X”证书制度,工具
课证融通,工具
实验测试验证,工具
1+X证书,工具
促进会,工具
新能源汽车技术课程,工具
外商直接投资,工具
强制性标准,工具
在线直播混合式教学模式,工具
传统燃油车企,企业
产学研合作创新网络,工具
政府调控,工具
新能源汽车电池及其管理系统,工具
动力电池开发,工具
补贴效益,工具
初创型跨国企业,企业
旗舰车型项目,工具
纳税筹划,工具
经营流程闭环,工具
风险防范机制,工具
电池及管理系统,工具
新能源汽车财政补贴税收激励,工具
金融支持效率,工具
租赁点规划,工具
纯电动汽车整车试验,工具
大数据中心,其他机构
新能源汽车专业课程,工具
认证体系,工具
协同专利实施,工具
基站建设,工具
综合性国家科学中心,科研院所
数字化转型,工具
“1+X”证书,工具
第三方租赁,工具
专业人才培养策略,工具
职业技能竞赛,工具
市场销售,工具
智能新能源汽车运用与维修,工具
中职教育,工具
高端技能型人才,工具
无人自动驾驶,技术
回收网络,工具
新能源汽车课程体系,工具
双元制,工具
汽车外观设计,工具
一体化充能站,工具
市场准入标准,工具
消费者绿色偏好,工具
维修人才培养,工具
全生命周期优化管理,工具
“三教一体化”改革,工具
教师培训,工具
职业型技术人才,工具
职高院校,科研院所
“双积分”政策,工具
插电式电动车,车型
电池电动车,车型
插电式混动车,车型
协作研发网络,工具
碳排放测算,工具
企业新型学徒制,工具
协调控制技术,工具
回收逆向物流,工具
汽车维修厂,企业
汽车修理厂,企业
多级闭环供应链,工具
政府补贴效率,工具
供应链质量管理,工具
新能源汽车业上市公司,企业
海外上市,工具
动力蓄电池回收,环节
研发费用控制,工具
上电流程,工具
回收补贴,工具
小型电动汽车,车型
农村消费者,消费者
消费激励政策,工具
技术转移网络,工具
专利权转移,工具
专利实施许可,工具
充换电设备,工具
公共创新平台,工具
大数据产业园,政府
新型研发机构,科研院所
职业资格标准,工具
电池包及其管理系统,工具
整改,工具
运维系统,工具
突出实践能力培养,工具
技术型人才,工具
混合模式,工具
直销模式,工具
汽车计算平台,工具
单体蓄电池,技术
产教深度融合,工具
充电设施建设条件,工具
商业消费,工具
电池储能系统,技术
质量监控,工具
安全保障体系,工具
共享平台,工具
汽车经销企业,企业
汽车销售企业,企业
充电补贴,工具
股权融资,工具
债权融资,工具
高技能人才培养,工具
校企协同育人,工具
政产学研,工具
创新资金投入,工具
故障监测,工具
纯电动新能源汽车,车型
汽车整车正向开发,工具
培训体系,工具
国补退坡,工具
精准营销,工具
营销组合策略,工具
差异化竞争战略,工具
产能投资,工具
供应链协调,工具
全单位批发数量折扣契约,工具
供应风险评价,工具
指标体系构建与评价,工具
财务风险防控,工具
售后质量管理,工具
内部价值链,工具
故障管理系统,工具
新能源汽车上市企业,企业
新能源车险,工具
回收利用企业,企业
产业链优化投资,工具
质量管理优化,工具
营运资金,工具
营运资金管理,工具
磷酸铁锂电池包,技术
散热管理系统,技术
智能充电桩,工具
汽车后市场服务,工具
突破性创新风险,工具
自媒体营销,工具
预警刹车系统,技术
企业网络安全,工具
减免政策,工具
竞争力评价体系,工具
PPP融资模式,工具
服务营销,工具
充电桩控制,工具
独立生产研发,工具
生产研发合作,工具
产业链联盟,学协会
智慧实训室,工具
智慧充电系统,工具
高等职业技术院校,科研院所
数字仪表盘,工具
人机交互系统,工具
车架-电池托盘一体化,工具
数据采集与分析,工具
检修技能标准,工具
智慧教学云平台,工具
新能源汽车检测与维修,工具
电控技术项目技能竞赛,工具
赛教融合,工具
产业公共创新平台,工具
制造执行系统,工具
整体性治理,工具
汽车消费者,消费者
电能储存,工具
再生制动控制策略,工具
碳配额调控,工具
综合测试技术,工具
销售与售后,工具
回收动力电池,环节
汽车保险产品,工具
双积分产业政策,工具
电池回收策略,工具
供应商关系管理,工具
私募基金,工具
生产储油平台,工具
快充场景分析,工具
动态电价,工具
双创人才,工具
校企合作制度,工具
专业人才培养模式,工具
底盘―电池箱体集成,工具
智能钥匙系统,技术
证书制度,工具
新能源汽车职业技能证书模块,工具
组织制度创新,工具
专业课程改革,工具
期权激励计划,工具
实训基地管理,工具
汽车实训基地,工具
复合型人才课程体系,工具
新能源汽车实训,工具
技术实训,工具
能量再利用系统,工具
智能网联高职教育,工具
开拓国际市场,工具
职业技能等级证书,工具
新型学徒制,工具
战略顾问委员会,企业
专用充电桩,工具
车辆购置税优惠,工具
翻转拆装实训台,工具
外资股比放开,工具
销售租赁模式,工具
电液助力系统,技术
串行制动能量回收,工具
产业链功能演化,工具
市场融资,工具
合作创新牵引,工具
财税支持,工具
消费促进政策,工具
央地政策协同,工具
人才培养定位,工具
核心课程设置,工具
碳排放法规,工具
纯电动技术,技术
插电式混合动力技术,技术
财税处理,工具
实训资源建设,工具
监控策略,工具
生产制造商,企业
专利相对优势指标,工具
新能源汽车推荐目录,工具
欧盟新电池法规,工具
维修专业人才,工具
公共充电桩数量,工具
创新超网络,工具
传感器测试系统,技术
教学做一体化,工具
新媒体营销,工具
事件营销,工具
充电桩技术,技术
低碳社会,目标
企业绩效评价,工具
校企融合,工具
新能源用户,消费者
限行限购,工具
高端用户,消费者
协同育人,工具
出口策略,工具
便携式充电枪,工具
量产制造,工具
研发制造,工具
电磁汽车发动机,工具
科普教育,工具
碳交易机制,工具
多主体协同,工具
智能体建模与仿真,工具
动态人才培养模式,工具
逆营销广告,工具
绿色广告,工具
联盟链,工具
新能源汽车充电桩管理,工具
功能测试平台,工具
平均油耗积分,工具
阶梯式补贴,工具
绿色债券,工具
信贷管理,工具
补助退坡,工具
售后服务管理,工具
新能源汽车动力电池企业,企业
合作共享,工具
中职新能源汽车专业课程,工具
项目成本管理,工具
新车型研发,工具
营销组合模式,工具
新能源汽车专利,工具
新能源汽车生态商业模式,工具
跨国公司,企业
一体化供能站规划,工具
数字化车间,工具
金属防腐型汽车,车型
主从式锂电池管理系统,技术
电动汽车动力电池,技术
充/换电技术,技术
空气循环模式,工具
智能控制系统,工具
国有企业,企业
限制转让,工具
市盈率,目标
收益率,目标
技术发展战略,工具
工匠人才,工具
新能源汽车驱动电机,技术
智能冷却系统,技术
新能源汽车贸易,工具
锂电池贸易,工具
贸易网络,工具
补贴“退坡”,工具
充电场站,工具
插电式混动汽车,车型
增程式混动汽车,车型
联盟区块链,工具
智慧平台,工具
低碳管理,工具
低碳出行,目标
环保企业,企业
网上零售,工具
大众市场,环节
碳排放权交易机制,工具
汽车商业保险,工具
公募基金,工具
售后保障,工具
财政奖补,工具
奖励金额,工具
无线电能传输系统,工具
动力电池标准化,工具
动力电池更换,工具
再生技术,技术
循环经济促进法,工具
微小型汽车,车型
低压蓄电池,技术
校企共建,工具
实践教学基地,工具
电动驱动系统,技术
智能运维,工具
电池维修,工具
维修与故障诊断技术,技术
政府数字治理,工具
敏捷治理,工具
信息共享,工具
充电桩管理,工具
复合储能,工具
试验平台,工具
新能源汽车充电桩技术,技术
预防及处理体系,工具
制动回收,环节
同步工程技术,技术
“准入性”政策,工具
智能控制技术,技术
教研结合,工具
校企联合,工具
制冷剂绿色替代,工具
智能进入系统控制器,技术
品牌营销推广,工具
能量管理方案,工具
服务新模式,工具
财税支持政策,工具
安全体系建设,工具
动力电池渠道回收,环节
期权契约回收,环节
无线智能充电,工具
标准化战略,工具
传导式充电系统,工具
充电控制系统,工具
集成信息平台,工具
汽车零部件制造企业,企业
绿色低碳发展,工具
新能源汽车专业人才培养,工具
1+X技能证书,工具
定价机制,工具
智能化感知技术,工具
能量回收系统,工具
中等收入群体,消费者
国际化发展,工具
自主品牌汽车,工具
低碳化发展,目标
融资租赁公司,其他机构
电动汽车换电站,工具
汽车充电站,工具
碳交易体系,工具
电机驱动控制技术,技术
新能源电动汽车技术,技术
新能源汽车监测平台,工具
智能共享,工具
营商环境,工具
上市辅导,工具
治理体系,工具
上下游企业,企业
政务服务中心,工具
车险经营,工具
产业集聚区,工具
订单式培养模式,工具
